"","runname","soil","precip.depth","runoff.depth","ET.depth","drainage.depth","runoff.precip","ET.precip","drainage.precip","amended.pixels","type","type.short","size","downspout.key","frontwalk.key","driveway.key","sidewalk.key","amended.area.m2","runoff.diff","ET.diff","drainage.diff","runoff.diff.precip","drainage.diff.precip","ET.diff.precip","runoff.diff.rel","ET.diff.rel","drainage.diff.rel"
"1","amend_feature_ds0_fw0_dw0_sw1","Measured Soil",744.2532,13.6127313113564,354.02128446768,392.494699806582,1.82904572145022,47.5673177445095,52.7367164570582,38,"Sidewalk","sw","s",0,0,0,1,9.5,-1.17541260722258,0.575258144806924,0.738691743101981,-0.00157931817723133,0.00099252746659602,0.000772933384508019,10.9048857926815,1.7723916929413,15.32293887119
"2","amend_feature_ds0_fw0_dw0_sw1","Clay Loam Soil",744.2532,248.080539032562,388.246322983499,141.360462770661,33.3328145626465,52.1658923311985,18.9935982499855,38,"Sidewalk","sw","s",0,0,0,1,9.5,-3.49487758022025,0.522538905024646,4.09110181840123,-0.00469581800954332,0.00549692203997407,0.0007020982980317,3.0455330390449,4.93785349088445,2.05799442828728
"3","amend_feature_ds0_fw0_dw0_sw1","Loam Soil",744.2532,101.398598661736,373.035532736698,329.017187295659,13.6242072807663,50.1221268160753,44.2076953509449,38,"Sidewalk","sw","s",0,0,0,1,9.5,-4.12933856913639,0.417012611022301,5.18432438234277,-0.00554829803773285,0.0069658073117358,0.000560310135075403,6.08728574686169,1.66970358663708,6.94479686701337
"4","amend_feature_ds0_fw0_dw0_sw2","Loam Soil",744.2532,96.2323187227341,373.357019830692,335.269460686468,12.9300510528855,50.1653227464379,45.0477687817087,76,"Sidewalk","sw","l",0,0,0,2,19,-9.29561850813816,0.738499705016068,11.4365977731518,-0.0124898603165403,0.0153665416193733,0.000992269438701866,13.7031839616598,2.95692641805936,15.3201926667222
"5","amend_feature_ds0_fw0_dw0_sw2","Clay Loam Soil",744.2532,244.377192316044,388.499683024055,148.918126413592,32.8352222491008,52.1999345147667,20.0090676685827,76,"Sidewalk","sw","l",0,0,0,2,19,-7.19822429673818,0.775898945580991,11.6487654613326,-0.00967174114500035,0.0156516162259465,0.00104252013371389,6.27273185253896,7.3320383997627,5.85981368344834
"6","amend_feature_ds0_fw0_dw0_sw2","Measured Soil",744.2532,12.5053139074827,354.502338238764,393.194366641769,1.6802499347645,47.6319535124289,52.8307257048769,76,"Sidewalk","sw","l",0,0,0,2,19,-2.28283001109626,1.05631191589094,1.4383585782881,-0.00306727604408857,0.00193261994478237,0.0014192910637011,21.1789463564912,3.25453621436058,29.8363705507367
"7","amend_feature_ds0_fw0_dw1_sw0","Loam Soil",744.2532,104.941709908367,372.866402789833,324.830897515958,14.1002698958321,50.0994020300932,43.645213418761,18,"Driveway","dw","s",0,0,1,0,4.5,-0.586227322504911,0.247882664157316,0.998034602642008,-0.000787671887074064,0.00134098798989646,0.000333062275254331,0.86419003066909,0.99251332566173,1.33694326790312
"8","amend_feature_ds0_fw0_dw1_sw0","Measured Soil",744.2532,14.4661626163123,353.730054971777,391.7876132715,1.94371520556611,47.5281873120299,52.6417102770267,18,"Driveway","dw","s",0,0,1,0,4.5,-0.321981302266618,0.284028648903586,0.0316052080192435,-0.000432623336072479,4.24656662802975e-05,0.000381629059711918,2.98718025229708,0.875102808049798,0.655597784884475
"9","amend_feature_ds0_fw0_dw1_sw0","Clay Loam Soil",744.2532,250.710485535034,387.85448859282,138.979424306799,33.6861817369457,52.1132443357744,18.6736750754715,18,"Driveway","dw","s",0,0,1,0,4.5,-0.864931077748935,0.130704514345609,1.71006335453936,-0.0011621462665514,0.00229769029483428,0.000175618343791615,0.753724876856799,1.23512285158056,0.860233015915399
"10","amend_feature_ds0_fw0_dw2_sw0","Measured Soil",744.2532,14.3188802514754,353.957947783623,391.875863865202,1.92392592352648,47.5588076455195,52.6535678805549,36,"Driveway","dw","l",0,0,2,0,9,-0.469263667103563,0.511921460750102,0.119855801721542,-0.000630516156468744,0.000161041701562777,0.000687832394607241,4.35359180680477,1.57724901883203,2.48621043931596
"11","amend_feature_ds0_fw0_dw2_sw0","Clay Loam Soil",744.2532,250.008353502363,387.936886587844,141.011697020691,33.5918412581045,52.1243155673156,18.946737080968,36,"Driveway","dw","l",0,0,2,0,9,-1.56706311041987,0.213102509369833,3.74233606843163,-0.00210555105496337,0.00502831034979981,0.000286330659202853,1.36558216060644,2.01376196047724,1.88255074536879
"12","amend_feature_ds0_fw0_dw2_sw0","Loam Soil",744.2532,104.324217153885,373.01367078692,326.809281685031,14.0173017937827,50.1191893816406,43.9110348044229,36,"Driveway","dw","l",0,0,2,0,9,-1.20372007698718,0.395150661244429,2.97641877171526,-0.00161735290756853,0.00399920184651576,0.000530935790728786,1.77447015912473,1.58216912127521,3.98713935245444
"13","amend_feature_ds0_fw1_dw0_sw0","Clay Loam Soil",744.2532,250.57947421226,387.843158854021,138.18640030424,33.6685786789039,52.1117220394915,18.5671220902026,12,"Frontwalk","fw","s",0,1,0,0,3,-0.99594240052258,0.119374775546362,0.917039351980236,-0.00133817684696899,0.00123216044214554,0.000160395380962234,0.867891769069077,1.12805983724283,0.461308948217044
"14","amend_feature_ds0_fw1_dw0_sw0","Measured Soil",744.2532,14.7881359112506,353.603862453038,391.601967048905,1.9869764632857,47.5112317223544,52.6167663167461,12,"Frontwalk","fw","s",0,1,0,0,3,-8.00732831507389e-06,0.157836130164696,-0.154041014575569,-1.07588765692561e-08,-0.000206973936525323,0.000212073162956769,7.42879566237716e-05,0.486298974600007,-3.19532615876506
"15","amend_feature_ds0_fw1_dw0_sw0","Loam Soil",744.2532,105.079064934628,372.724864990445,324.15796663127,14.1187253121153,50.0803846043853,43.5547964901287,12,"Frontwalk","fw","s",0,1,0,0,3,-0.448872296244232,0.106344864769198,0.325103717954335,-0.000603117724242546,0.000436818703573373,0.00014288801817607,0.661707410361376,0.42580103678464,0.435501159918428
"16","amend_feature_ds0_fw2_dw0_sw0","Loam Soil",744.2532,104.799562046901,372.817793505882,324.674913140981,14.0811705004293,50.0928707469289,43.6242549096169,24,"Frontwalk","fw","l",0,2,0,0,6,-0.728375183971025,0.199273380206535,0.842050227665027,-0.000978665841102228,0.00113140289845583,0.000267749443612113,1.07373803371174,0.797883490469191,1.12799033233205
"17","amend_feature_ds0_fw2_dw0_sw0","Measured Soil",744.2532,14.7879290798869,353.77214886249,391.495999880872,1.98694867282894,47.5338431682242,52.602528263348,24,"Frontwalk","fw","l",0,2,0,0,6,-0.000214838692038199,0.32612253961679,-0.260008182608658,-2.88663444158788e-07,-0.000349354470506352,0.000438187621654553,0.00199316511166363,1.00479564751181,-5.3934398554278
"18","amend_feature_ds0_fw2_dw0_sw0","Clay Loam Soil",744.2532,249.822055469413,387.923141347616,139.121136087738,33.5668097187104,52.1224687173151,18.6927158778407,24,"Frontwalk","fw","l",0,2,0,0,6,-1.75336114336952,0.199357269142013,1.85177513547805,-0.00235586644890411,0.00248809831852661,0.000267862159197989,1.52792742204518,1.8838731009314,0.931519937761912
"19","amend_feature_ds1_fw0_dw0_sw0","Measured Soil",744.2532,13.4822807175696,353.363094082364,392.912552235812,1.81151800456748,47.4788813917581,52.7928603109549,4,"Downspout","ds","s",1,0,0,0,1,-1.30586320100938,-0.0829322405088533,1.15654417233111,-0.00175459534605881,0.0015539660055625,-0.000111430143006242,12.1151406581571,-0.255517310761824,23.9905966459598
"20","amend_feature_ds1_fw0_dw0_sw0","Loam Soil",744.2532,101.432349331785,372.628324389136,328.298107637757,13.6287421178418,50.0674131315977,44.111077740446,4,"Downspout","ds","s",1,0,0,0,1,-4.09558789908714,0.00980426345995511,4.46524472444088,-0.00550294966697776,0.00599963120674641,1.31732902995313e-05,6.03753202255498,0.0392559203984036,5.98153496690183
"21","amend_feature_ds1_fw0_dw0_sw0","Clay Loam Soil",744.2532,249.692866021366,387.733327708034,139.760565937438,33.5494514529955,52.0969648109049,18.7786315110823,4,"Downspout","ds","s",1,0,0,0,1,-1.88255059141673,0.00954362955906163,2.49120498517851,-0.00252944910605252,0.00334725465094206,1.28230950959453e-05,1.64050668220311,0.0901847576912915,1.25317975616222
"22","amend_feature_ds1_fw1_dw1_sw1","Loam Soil",744.2532,96.4457063241359,373.378066505516,334.727593681095,12.958722424591,50.1681506381855,44.9749619727661,72,"All","a","s",1,1,1,1,18,-9.08223090673638,0.759546379840231,10.8947307677785,-0.0122031465994857,0.0146384735299472,0.00102054835617802,13.3886175286047,3.04119655165205,14.594320594737
"23","amend_feature_ds1_fw1_dw1_sw1","Measured Soil",744.2532,12.144370211839,354.459702046121,393.36493136345,1.63175250194947,47.626224790988,52.8536432713289,72,"All","a","s",1,1,1,1,18,-2.64377370673995,1.01367572324801,1.60892329996926,-0.00355225037223884,0.0021617956093024,0.00136200384929217,24.5276000585163,3.12317252252734,33.3744536934111
"24","amend_feature_ds1_fw1_dw1_sw1","Clay Loam Soil",744.2532,244.306523119311,388.557958209093,146.398946780713,32.8257269326233,52.2077645361945,19.6705834493842,72,"All","a","s",1,1,1,1,18,-7.26889349347152,0.834174130618351,9.12958582845295,-0.00976669430977458,0.0122667740339618,0.00112082034799226,6.33431494623938,7.88272337862584,4.59256151558437
"25","amend_feature_ds3_fw0_dw0_sw0","Measured Soil",744.2532,9.60821743328104,353.798031237524,396.392805819921,1.29098772209257,47.5373207985568,53.2604771897414,36,"Downspout","ds","l",3,0,0,0,9,-5.17992648529792,0.352004914651161,4.63679775644022,-0.00695989817080789,0.00623013479342812,0.000472963924980317,48.0567473834856,1.0845402055309,96.1827030604772
"26","amend_feature_ds3_fw0_dw0_sw0","Clay Loam Soil",744.2532,241.593668370003,387.847513062925,151.915774917259,32.4612199678823,52.1123070835202,20.4118403410639,36,"Downspout","ds","l",3,0,0,0,9,-9.9817482427799,0.12372898445102,14.6464139649991,-0.0134117639571854,0.019679342950758,0.000166245821248763,8.69837164908613,1.16920595178696,7.3677556004061
"27","amend_feature_ds3_fw0_dw0_sw0","Loam Soil",744.2532,88.6697961334647,372.797631371718,343.719992591355,11.9139287722867,50.0901617046078,46.1832065473624,36,"Downspout","ds","l",3,0,0,0,9,-16.8581410974076,0.179111246042226,19.8871296780385,-0.0226510831225282,0.0267209192759111,0.000240659020400887,24.8515156368722,0.717155026056866,26.6403229613341
"28","amend_feature_ds3_fw1_dw1_sw1","Measured Soil",744.2532,8.52583282674739,354.895505056049,396.576830944206,1.14555541403751,47.6847805365229,53.2852033345918,104,"All","a","l",3,1,1,1,26,-6.26231109183157,1.44947873317568,4.82082288072598,-0.0084142212513585,0.00647739624193216,0.00194756130464159,58.098566269448,4.46589776949253,100
"29","amend_feature_ds3_fw1_dw1_sw1","Loam Soil",744.2532,84.5987495755696,373.460716395009,349.161332442863,11.3669312507584,50.1792557149917,46.9143206160031,104,"All","a","l",3,1,1,1,26,-20.9291876553027,0.842196269332987,25.3284695295467,-0.0281210583378112,0.0340320599623175,0.00113159912424023,30.8528699147482,3.37212375450788,33.929411599733
"30","amend_feature_ds3_fw1_dw1_sw1","Clay Loam Soil",744.2532,236.546611560592,388.541719548178,158.362407105856,31.7830829025112,52.2055826630208,21.2780283787635,104,"All","a","l",3,1,1,1,26,-15.0288050521904,0.817935469703059,21.093046153596,-0.0201931346108964,0.0283412233277546,0.00109900161625514,13.0965166227443,7.72927235762659,10.6106798086661
"31","amend_pixels_drain_0.25","Clay Loam Soil",744.2532,251.127642540355,387.777106566117,137.600436894555,33.7422321516865,52.10284706416,18.4883903615806,6,"Drain","d","n",0,0,0,0,1.5,-0.447774072427251,0.0533224876425606,0.331075942295286,-0.000601642119143392,0.000444843155925007,7.1645627647366e-05,0.390202718207639,0.503883307475531,0.166544973659425
"32","amend_pixels_drain_0.25","Measured Soil",744.2532,14.7882102915055,353.533531849193,391.694606793323,1.98698645723061,47.501781900191,52.6292136591852,6,"Drain","d","n",0,0,0,0,1.5,6.63729265006907e-05,0.087505526319319,-0.0614012701572051,8.91805725533874e-08,-8.25005121337807e-05,0.000117574941322817,0.000615774561859038,0.269607774066149,-1.27366782967057
"33","amend_pixels_drain_0.25","Loam Soil",744.2532,105.326479139325,372.691663861931,323.957120141985,14.1519685960806,50.0759236052907,43.5278101783083,6,"Drain","d","n",0,0,0,0,1.5,-0.201458091547494,0.073143736255588,0.12425722866908,-0.000270684884589672,0.000166955585369442,9.82780272299642e-05,0.296980484582423,0.292864905132235,0.166452009697517
"34","amend_pixels_drain_0.5","Clay Loam Soil",744.2532,250.934102411657,387.817730714829,137.584106904519,33.7162275434834,52.1083054415929,18.4861962171636,12,"Drain","d","n",0,0,0,0,3,-0.641314201125937,0.0939466363547012,0.314745952259671,-0.000861688201173924,0.000422901711755718,0.000126229401975969,0.558858942296525,0.887770693856821,0.158330309248942
"35","amend_pixels_drain_0.5","Loam Soil",744.2532,105.294254077022,372.7366671275,323.981863558507,14.1476387440487,50.0819703734562,43.5311347749002,12,"Drain","d","n",0,0,0,0,3,-0.233683153850023,0.118147001823672,0.149000645191165,-0.000313983404908469,0.000200201551288144,0.000158745708884654,0.344485226361673,0.473056371632975,0.199597698290431
"36","amend_pixels_drain_0.5","Measured Soil",744.2532,14.7884933856967,353.572820515095,391.677376823086,1.98702449458016,47.5070608383135,52.6268985908405,12,"Drain","d","n",0,0,0,0,3,0.000349467117732871,0.126794192222121,-0.0786312403948841,4.69554068068328e-07,-0.000105651195580864,0.000170364322547919,0.00324217979606278,0.390657611780736,-1.63107507453256
"37","amend_pixels_drain_1","Loam Soil",744.2532,105.115814836976,372.83072111769,324.229331383513,14.1236631346665,50.0946077380238,43.5643852634443,25,"Drain","d","n",0,0,0,0,6.25,-0.412122393896254,0.212200992013663,0.39646847019668,-0.000553739498730075,0.000532706436729705,0.000285119354560603,0.607532352294343,0.849645185992257,0.53109967406153
"38","amend_pixels_drain_1","Clay Loam Soil",744.2532,249.948014836485,387.828433521252,139.388516884936,33.5837339814575,52.109743501439,18.728641930587,25,"Drain","d","n",0,0,0,0,6.25,-1.62740177629803,0.104649442777202,2.11915593267599,-0.00218662382143339,0.0028473588459895,0.00014061000043695,1.41816294383726,0.988909364197763,1.06602360334886
"39","amend_pixels_drain_1","Measured Soil",744.2532,14.7882014286862,353.730395341193,391.559092089798,1.98698526639673,47.5282330450435,52.6110055139565,25,"Drain","d","n",0,0,0,0,6.25,5.75101072488593e-05,0.284369018320149,-0.196915973682621,7.72722337624605e-08,-0.000264581964421008,0.000382086389847096,0.000533549791469027,0.876151498853905,-4.08469629676515
"40","amend_pixels_drain_10","Clay Loam Soil",744.2532,230.401606945747,389.100106718059,165.507670433227,30.9574224129297,52.2806091687693,22.2380865051338,248,"Drain","d","n",0,0,0,0,62,-21.1738096670359,1.37632263958471,28.2383094809668,-0.0284497395067107,0.0379418045914574,0.00184926667374049,18.451443698163,13.0058824043659,14.2050445468484
"41","amend_pixels_drain_10","Measured Soil",744.2532,8.64367551721818,356.686961480541,395.422641266103,1.16138909677757,47.9254857729252,53.1301230906502,248,"Drain","d","n",0,0,0,0,62,-6.14446840136078,3.24093515766742,3.66663320262228,-0.00825588442395784,0.00492659380251543,0.00435461366866467,57.0052811768856,9.9854414972935,76.0582434439099
"42","amend_pixels_drain_10","Loam Soil",744.2532,84.9530440037793,374.97433599334,349.550537915509,11.4145352688815,50.3826299965308,46.966615382441,248,"Drain","d","n",0,0,0,0,62,-20.574893227093,2.35581586766415,25.7176750021933,-0.0276450181565803,0.0345550076266966,0.00316534193963042,30.3305849562919,9.4326025154309,34.4507819361007
"43","amend_pixels_drain_2.5","Measured Soil",744.2532,13.0623214646663,354.211050755948,392.933594164541,1.75509107178394,47.5928152886608,52.7956875650035,62,"Drain","d","n",0,0,0,0,15.5,-1.72582245391266,0.765024433074359,1.17758610106046,-0.00231886467389413,0.00158223854604919,0.00102790882602098,16.0113109581434,2.35706866963737,24.4270766671087
"44","amend_pixels_drain_2.5","Loam Soil",744.2532,100.587265738026,373.203374040412,329.385561871738,13.5151942562056,50.1446784562581,44.2571912182222,62,"Drain","d","n",0,0,0,0,15.5,-4.94067149284595,0.584853914735845,5.5526989584219,-0.00663842828333953,0.0074607659845089,0.000785826536904168,7.28331636042548,2.34173416650211,7.43826263288153
"45","amend_pixels_drain_2.5","Clay Loam Soil",744.2532,246.405251378818,388.102348372972,143.975560159947,33.107718096317,52.1465474885392,19.3449702547395,62,"Drain","d","n",0,0,0,0,15.5,-5.17016523396461,0.378564294498005,6.70619920768706,-0.0069467826728385,0.00901064208751412,0.000508649871438921,4.50542506166073,3.57733176446071,3.37349721836012
"46","amend_pixels_drain_25","Loam Soil",744.2532,71.0209862451888,378.610284392214,366.49584399259,9.54258392778006,50.8711664783186,49.2434354319995,620,"Drain","d","n",0,0,0,0,155,-34.5069509856834,5.99176426653798,42.6629810792741,-0.0463645315675948,0.0573232081222816,0.00805070675750939,50.8685997493144,23.9908099220225,57.1503084077666
"47","amend_pixels_drain_25","Measured Soil",744.2532,6.95666316223204,361.65588806216,393.36791953581,0.934717265875652,48.5931250362323,52.8540447707595,620,"Drain","d","n",0,0,0,0,155,-7.83148075634692,8.20986173928651,1.61191147232972,-0.0105226027329771,0.00216581060360872,0.0110310063017351,72.6565315964609,25.2948887004318,33.4364383884392
"48","amend_pixels_drain_25","Clay Loam Soil",744.2532,208.382852469437,390.977549729252,198.100578160703,27.9989192481049,52.5328678102092,26.6173633060231,620,"Drain","d","n",0,0,0,0,155,-43.1925641433457,3.25376565077721,60.8312172084433,-0.0580347711549586,0.0817345726003506,0.00437185308813884,37.6391956857428,30.7472188629713,30.6006331883065
"49","amend_pixels_drain_5","Measured Soil",744.2532,9.36630951705372,355.082988261549,395.738072092279,1.25848427887898,47.7099713191088,53.1725052834545,124,"Drain","d","n",0,0,0,0,31,-5.42183440152524,1.63696193867611,3.98206402879839,-0.00728493260294378,0.00535041573055835,0.00219946913050036,50.3010471149968,5.04354048345444,82.6013344053561
"50","amend_pixels_drain_5","Clay Loam Soil",744.2532,238.042957360343,388.428792942844,156.738792505323,31.9841362268033,52.1904095196157,21.0598748524458,124,"Drain","d","n",0,0,0,0,31,-13.5324592524398,0.705008864369745,19.4694315530633,-0.018182601367975,0.0261596880645771,0.000947270182203778,11.7925594836535,6.66214601163225,9.79393411278704
"51","amend_pixels_drain_5","Loam Soil",744.2532,89.4236223719591,373.777214065861,344.326045145593,12.0152150332654,50.2217812521143,46.2646375112116,124,"Drain","d","n",0,0,0,0,31,-16.1043148589132,1.15869394018472,20.4931822322768,-0.0216382205127411,0.0275352289144028,0.00155685449546568,23.7402587998826,4.63936911403768,27.4521764584368
"52","amend_pixels_drain_50","Loam Soil",744.2532,56.7842564725364,385.051091515543,380.007406190879,7.6296959788062,51.7365718434993,51.0588877805132,1240,"Drain","d","n",0,0,0,0,310,-48.7436807583358,12.4325713898669,56.1745432775628,-0.0654934110573335,0.0754777316074191,0.0167047604093162,71.8557483630724,49.7795713896818,75.2500737586238
"53","amend_pixels_drain_50","Measured Soil",744.2532,5.47560163323045,369.995298213971,387.854038377443,0.735717580150203,49.71363216362,52.1131838435419,1240,"Drain","d","n",0,0,0,0,310,-9.31254228534851,16.5492718910976,-3.90196968603709,-0.0125125995902315,-0.00524279866856749,0.0222360775756122,86.3970740463669,50.98892086761,-80.939909691299
"54","amend_pixels_drain_50","Clay Loam Soil",744.2532,180.646942526603,394.132506096414,251.397133194868,24.2722426355175,52.9567768195573,33.7784416909283,1240,"Drain","d","n",0,0,0,0,310,-70.9284740861794,6.40872201793906,114.127772242608,-0.0953015372808333,0.153345356449402,0.00861094318162025,61.8090351607927,60.5607163104837,57.4110178171793
"55","amend_pixels_rand_0.25","Measured Soil",744.2532,14.7865121759897,353.483692558538,391.708335286208,1.9867582935471,47.4950853497893,52.6310582589646,6,"Random","r","n",0,0,0,0,1.5,-0.0016317425892538,0.0376662356645738,-0.0476727772721688,-2.19245626253781e-06,-6.4054514340239e-05,5.06094373051723e-05,0.0151384853876232,0.116051069939508,-0.988892943210342
"56","amend_pixels_rand_0.25","Clay Loam Soil",744.2532,251.496610881982,387.723194037272,137.376376405354,33.7918077990101,52.0956032217627,18.4582849499813,6,"Random","r","n",0,0,0,0,1.5,-0.0788057308006387,-0.000590041202258362,0.107015453094732,-0.000105885645907386,0.000143789039932555,-7.92796325576245e-07,0.0686734946533658,-0.00557573222265564,0.0538332253719524
"57","amend_pixels_rand_0.25","Loam Soil",744.2532,105.462233472635,372.682284503766,323.837618929915,14.1702089386563,50.0746633677579,43.5117536518372,6,"Random","r","n",0,0,0,0,1.5,-0.0657037582369639,0.0637643780903545,0.00475601659883296,-8.82814588327789e-05,6.3903206581214e-06,8.56756519022753e-05,0.0968575340420109,0.255310290343843,0.00637104601084256
"58","amend_pixels_rand_0.5","Measured Soil",744.2532,14.7520277757578,353.553482644813,391.693063565765,1.98212487037446,47.5044625464578,52.6290063066931,12,"Random","r","n",0,0,0,0,3,-0.036116142821168,0.107456321940163,-0.0629444977153071,-4.85266879889372e-05,-8.45740370552751e-05,0.000144381403990151,0.335067371505937,0.331076915781336,-1.30567953381909
"59","amend_pixels_rand_0.5","Clay Loam Soil",744.2532,250.771827002924,387.780141501778,138.127887915731,33.6944237529545,52.1032548468422,18.5592601974343,12,"Random","r","n",0,0,0,0,3,-0.803589609858506,0.0563574233039503,0.858526963471292,-0.00107972610646283,0.00115354151446214,7.57234544694606e-05,0.7002702242014,0.53256264121719,0.431874782341347
"60","amend_pixels_rand_0.5","Loam Soil",744.2532,105.158048692509,372.722458485012,324.172467329803,14.1293377969365,50.0800612593956,43.5567448456793,12,"Random","r","n",0,0,0,0,3,-0.369888538363099,0.103938359336439,0.339604416487191,-0.000496992876030764,0.000456302259079559,0.000139654568279235,0.545273096358408,0.416165475062683,0.454925948630236
"61","amend_pixels_rand_1","Loam Soil",744.2532,105.048506062114,372.856347906951,324.193603309196,14.1146193341344,50.098051027117,43.5595847366456,25,"Random","r","n",0,0,0,0,6.25,-0.479431168758651,0.237827781274859,0.3607403958801,-0.000644177504051916,0.00048470116874217,0.00031955224549234,0.706755929871873,0.952253934055089,0.483239200781099
"62","amend_pixels_rand_1","Clay Loam Soil",744.2532,250.482802390059,387.83982046908,138.467978106516,33.6555895748999,52.1112734844915,18.6049556933737,25,"Random","r","n",0,0,0,0,6.25,-1.09261422272388,0.116036390605132,1.19861715425608,-0.00146806788700926,0.00161049647385605,0.000155909830962274,0.952134270187008,1.09651298862073,0.602954298036163
"63","amend_pixels_rand_1","Measured Soil",744.2532,14.7411244194632,353.744620928716,391.553963167638,1.98065986407089,47.5301444358877,52.6103163772272,25,"Random","r","n",0,0,0,0,6.25,-0.0470194991157413,0.298594605842993,-0.202044895842789,-6.31767510247068e-05,-0.000271473331713977,0.000401200298289605,0.436223216201349,0.919981061947116,-4.19108730691144
"64","amend_pixels_rand_10","Clay Loam Soil",744.2532,240.959372491823,389.099485464726,149.344387596023,32.3759941498167,52.2805256953851,20.0663413467383,248,"Random","r","n",0,0,0,0,62,-10.6160441209593,1.37570138625136,12.0750266437635,-0.0142640221378414,0.0162243530075027,0.00184843193989809,9.25111463054518,13.0000117258168,6.07424079315561
"65","amend_pixels_rand_10","Measured Soil",744.2532,13.119373042299,356.70038864973,390.865139386835,1.7627566858025,47.9272898859864,52.517764033374,248,"Random","r","n",0,0,0,0,62,-1.66877087627993,3.25436232685689,-0.890868676645766,-0.0022422085337086,-0.00119699677024669,0.0043726547992765,15.482015173366,10.0268111038709,-18.4795977509883
"66","amend_pixels_rand_10","Loam Soil",744.2532,99.5487578483897,375.039544012031,329.312749356206,13.3756573499972,50.3913915334232,44.247407919268,248,"Random","r","n",0,0,0,0,62,-5.97917938248254,2.42102388635527,5.47988644288984,-0.00803379734542296,0.00736293299496708,0.00325295730855477,8.81423812156127,9.69369309113113,7.3407247296846
"67","amend_pixels_rand_2.5","Loam Soil",744.2532,104.572375760913,373.204924507872,324.564176242957,14.0506450977857,50.1448867815244,43.6093759815822,62,"Random","r","n",0,0,0,0,15.5,-0.955561469959235,0.586404382196179,0.731313329641068,-0.00128391986753868,0.000982613618108822,0.000787909789566479,1.40864586881031,2.3479421827852,0.979649833986915
"68","amend_pixels_rand_2.5","Measured Soil",744.2532,14.6492360184878,354.212266374179,391.287164203873,1.96831347429716,47.5929786226219,52.5744685012941,62,"Random","r","n",0,0,0,0,15.5,-0.138907900091198,0.76624005130617,-0.468843859606977,-0.000186640648762004,-0.00062995209104506,0.00102954216563149,1.28871749110725,2.36081403452321,-9.72539068965696
"69","amend_pixels_rand_2.5","Clay Loam Soil",744.2532,249.04303159658,388.088525167321,139.763566202591,33.4621378311278,52.1446901628802,18.7790346353352,62,"Random","r","n",0,0,0,0,15.5,-2.53238501620311,0.364741088846927,2.49420525033094,-0.00340258532472969,0.00335128589347138,0.000490076614849525,2.20679038318211,3.44670615242868,1.25468901436237
"70","amend_pixels_rand_25","Clay Loam Soil",744.2532,220.479667885778,391.14176247532,177.514104036056,29.6242821509908,52.5549319069532,23.8513054476698,620,"Random","r","n",0,0,0,0,155,-31.0957487270048,3.41797839684585,40.2447430837968,-0.0417811421261001,0.0540739940168169,0.00459249405557928,27.0976959702158,32.298985580484,20.2447801865449
"71","amend_pixels_rand_25","Loam Soil",744.2532,85.2338668737808,378.559518301459,349.027607467626,11.4522674371814,50.8643454003905,46.8963529438134,620,"Random","r","n",0,0,0,0,155,-20.2940703570915,5.94099817578297,25.1947445543097,-0.0272676964735812,0.033852383240421,0.00798249597822752,29.9166084742641,23.7875443094901,33.7502768233231
"72","amend_pixels_rand_25","Measured Soil",744.2532,10.2336285055292,361.611497716598,390.134250823565,1.37501975208561,48.5871606217612,52.4195597443941,620,"Random","r","n",0,0,0,0,155,-4.55451541304977,8.16547139372466,-1.62175723991521,-0.00611957787087751,-0.00217903966004474,0.0109713621570249,42.2544986459467,25.1581203983558,-33.6406725581875
"73","amend_pixels_rand_5","Measured Soil",744.2532,14.5945300437118,355.035881327087,390.741459474651,1.96096302222306,47.7036418959417,52.50114604474,124,"Random","r","n",0,0,0,0,31,-0.193613874867143,1.58985500421386,-1.01454858882937,-0.000260145169502991,-0.00136317665658592,0.00213617489882994,1.79625195470182,4.89840227015918,-21.0451330391252
"74","amend_pixels_rand_5","Loam Soil",744.2532,103.772822844832,373.802372929565,325.546258385628,13.9432148689226,50.2251616693841,43.74133136218,124,"Random","r","n",0,0,0,0,31,-1.75511438604026,1.1838528038889,1.71339547231207,-0.00235822215616978,0.00230216742408642,0.00159065866816414,2.58731092337851,4.74010430489821,2.29522356830045
"75","amend_pixels_rand_5","Clay Loam Soil",744.2532,246.80747298233,388.437063627957,142.582220242568,33.1617617475248,52.1915207926492,19.157757096989,124,"Random","r","n",0,0,0,0,31,-4.76794363045309,0.713279549482365,5.31285929030838,-0.00640634616075966,0.00713851051000974,0.000958382912538858,4.15491802546442,6.74030178331289,2.67258926887374
"76","amend_pixels_rand_50","Loam Soil",744.2532,66.4965105683445,384.694164238343,370.146862735602,8.93466236602604,51.6886140682154,49.7339968085595,1240,"Random","r","n",0,0,0,0,310,-39.0314266625277,12.0756441126671,46.3139998222856,-0.052443747185135,0.0622288218878811,0.0162251826564764,57.538378901242,48.3504473316632,62.0411257366806
"77","amend_pixels_rand_50","Clay Loam Soil",744.2532,190.741120204758,393.904272662349,220.929787048305,25.628525373456,52.9261107190871,29.6847614559541,1240,"Random","r","n",0,0,0,0,310,-60.8342964080243,6.18048858387425,83.6604260960453,-0.0817387099014479,0.11240855409966,0.00830428217691808,53.0126893903999,58.403971141279,42.0846750866458
"78","amend_pixels_rand_50","Measured Soil",744.2532,7.62341563247228,369.70731615544,386.437902664173,1.0243040449772,49.6749380661635,51.9229077771077,1240,"Random","r","n",0,0,0,0,310,-7.16472828610668,16.2612898325664,-5.3181053993074,-0.00962673494196152,-0.00714555933290901,0.0218491366010471,66.4707382033318,50.1016374577798,-110.315303650121
"79","amend_pixels_TWI_0","Measured Soil",744.2532,14.788143918579,353.446026322873,391.75600806348,1.98697753917336,47.4900244060588,52.6374637103986,0,"TWI","t","n",0,0,0,0,0,0,0,0,0,0,0,0,0,0
"80","amend_pixels_TWI_0","Loam Soil",744.2532,105.527937230872,372.618520125676,323.832862913316,14.1790370845395,50.0660958025677,43.5111146197713,0,"TWI","t","n",0,0,0,0,0,0,0,0,0,0,0,0,0,0
"81","amend_pixels_TWI_0","Clay Loam Soil",744.2532,251.575416612783,387.723784078474,137.26936095226,33.8023963636008,52.0956825013953,18.4439060459881,0,"TWI","t","n",0,0,0,0,0,0,0,0,0,0,0,0,0,0
"82","amend_pixels_TWI_0.25","Measured Soil",744.2532,14.6397782859434,353.517001463544,391.823567725436,1.96704270615745,47.4995608300433,52.6465412208421,6,"TWI","t","n",0,0,0,0,1.5,-0.148365632635572,0.0709751406706118,0.0675596619557268,-0.000199348330159108,9.07751044345215e-05,9.53642398455416e-05,1.37646156720478,0.218677042412244,1.40141348535818
"83","amend_pixels_TWI_0.25","Clay Loam Soil",744.2532,251.062713115,387.752952367008,137.854465181857,33.7335080473958,52.099601636514,18.522522332703,6,"TWI","t","n",0,0,0,0,1.5,-0.512703497782155,0.0291682885331852,0.58510422959742,-0.000688883162050436,0.000786162867149808,3.91913511869149e-05,0.446784016289072,0.275632558593738,0.294331771226702
"84","amend_pixels_TWI_0.25","Loam Soil",744.2532,105.052990337097,372.673027795641,324.258111983246,14.1152218542154,50.0734196098372,43.5682523075811,6,"TWI","t","n",0,0,0,0,1.5,-0.474946893774813,0.054507669964778,0.425249069930146,-0.000638152303241442,0.000571376878097597,7.32380726945856e-05,0.700145412778857,0.218246761929588,0.569653476663176
"85","amend_pixels_TWI_0.5","Clay Loam Soil",744.2532,250.416408651337,387.784484720999,138.777090318587,33.6466687212547,52.1038384142653,18.6464888990181,12,"TWI","t","n",0,0,0,0,3,-1.15900796144541,0.0607006425242389,1.50772936632711,-0.00155727642346101,0.00202582853030005,8.155912870007e-05,1.00999161145886,0.573604906170776,0.758450601573858
"86","amend_pixels_TWI_0.5","Measured Soil",744.2532,14.6099655548376,353.553186521669,391.839591034122,1.96303698188165,47.5044227585006,52.648694158671,12,"TWI","t","n",0,0,0,0,3,-0.178178363741342,0.107160198795384,0.0835829706416007,-0.000239405572917042,0.000112304482723891,0.000143983524418013,1.65304906156945,0.330164549382649,1.73379053140018
"87","amend_pixels_TWI_0.5","Loam Soil",744.2532,104.811418309446,372.720677948737,324.618789139115,14.0827635419567,50.0798220214218,43.6167139273456,12,"TWI","t","n",0,0,0,0,3,-0.716518921426413,0.102157823060679,0.785926225799244,-0.000962735425828754,0.00105599307574256,0.000137262188541049,1.05626006313837,0.409036271467412,1.05280796263905
"88","amend_pixels_TWI_1","Loam Soil",744.2532,102.469277936551,372.852756468826,326.816752265145,13.7680668267937,50.0975684711636,43.9120385730481,25,"TWI","t","n",0,0,0,0,6.25,-3.05865929432174,0.234236343149973,2.98388935182879,-0.00410970257745851,0.0040092395327676,0.000314726685958453,4.5089383723565,0.937873944194336,3.99714676278238
"89","amend_pixels_TWI_1","Measured Soil",744.2532,13.3952747429516,353.738302999195,392.860912162062,1.79982763163821,47.5292955407104,52.7859218021585,25,"TWI","t","n",0,0,0,0,6.25,-1.39286917562739,0.292276676321478,1.10490409858153,-0.0018714990753515,0.00148458091759838,0.000392711346516855,12.9223382419335,0.900515286622405,22.9194086967812
"90","amend_pixels_TWI_1","Clay Loam Soil",744.2532,249.124596312556,387.839504893635,140.220059240169,33.4730971009,52.1112310828674,18.840370352478,25,"TWI","t","n",0,0,0,0,6.25,-2.45082030022695,0.115720815160898,2.95069828790895,-0.00329299262700779,0.00396464306489908,0.000155485814721251,2.13571263249591,1.0935308847162,1.48432400502966
"91","amend_pixels_TWI_10","Measured Soil",744.2532,9.24442436468593,356.591915338721,395.016136801385,1.24210743933462,47.9127151000118,53.0755039818956,248,"TWI","t","n",0,0,0,0,62,-5.54371955389303,3.1458890158475,3.26012873790484,-0.00744870099838742,0.00438040271496963,0.00422690693953012,51.4318361317447,9.69260080702515,67.6259804304173
"92","amend_pixels_TWI_10","Clay Loam Soil",744.2532,230.947099156451,389.159966767894,163.863794662804,31.0307163148846,52.2886521371886,22.0172106297701,248,"TWI","t","n",0,0,0,0,62,-20.6283174563321,1.43618268941981,26.5944337105448,-0.0277168004871623,0.0357330458378207,0.00192969635793277,17.9760866900542,13.5715439334894,13.3781066395324
"93","amend_pixels_TWI_10","Loam Soil",744.2532,85.6709104853801,374.908698057962,348.080707520477,11.5109898735242,50.3738106947961,46.7691247441699,248,"TWI","t","n",0,0,0,0,62,-19.8570267454922,2.29017793228621,24.2478446071605,-0.0266804721101531,0.0325801012439859,0.00307714892228372,29.2723383803731,9.16979056868589,32.481832316121
"94","amend_pixels_TWI_100","Measured Soil",744.2532,4.00937347046085,385.902629854583,374.567976579408,0.538710948163992,51.8509869832717,50.3280303772167,2480,"TWI","t","n",0,0,0,0,620,-10.7787704481181,32.4566035317102,-17.1880314840728,-0.0144826659100936,-0.0230943333318188,0.04360962577213,100,100,-356.537294759196
"95","amend_pixels_TWI_100","Loam Soil",744.2532,37.6924726107782,397.59376808943,398.48334559291,5.06446900205174,53.4218419335556,53.5413681248411,2480,"TWI","t","n",0,0,0,0,620,-67.8354646200941,24.9752479637538,74.6504826795935,-0.091145680824878,0.100302535050697,0.0335574613098792,100,100,100
"96","amend_pixels_TWI_100","Clay Loam Soil",744.2532,136.821200013764,398.306092889161,336.060074968232,18.3836898536364,53.5175519418876,45.1539979899626,2480,"TWI","t","n",0,0,0,0,620,-114.754216599018,10.5823088106863,198.790714015973,-0.154187065099644,0.267100919439745,0.0142186944049234,100,100,100
"97","amend_pixels_TWI_2.5","Loam Soil",744.2532,99.3824730761418,373.18872079403,331.750315992532,13.3533148498578,50.1427096039399,44.5749263815771,62,"TWI","t","n",0,0,0,0,15.5,-6.14546415473045,0.570200668354005,7.91745307921605,-0.00825722234681752,0.010638117618058,0.000766138013721681,9.05936767610794,2.28306309183207,10.6060306578304
"98","amend_pixels_TWI_2.5","Measured Soil",744.2532,12.5751459347908,354.198142852944,393.430665430238,1.68963276675073,47.5910809456975,52.8624754895562,62,"TWI","t","n",0,0,0,0,15.5,-2.21299798378812,0.752116530070396,1.6746573667574,-0.00297344772422627,0.00225011779157604,0.00101056539638714,20.5310800006367,2.31729894144831,34.7379982254235
"99","amend_pixels_TWI_2.5","Clay Loam Soil",744.2532,245.477644096137,388.009181020245,145.806436973058,32.9830821145461,52.1340292551305,19.5909721279073,62,"TWI","t","n",0,0,0,0,15.5,-6.0977725166457,0.285396941770216,8.53707602079874,-0.00819314249054717,0.0114706608191926,0.000383467537351826,5.313767717968,2.69692509334083,4.29450443047998
"100","amend_pixels_TWI_25","Loam Soil",744.2532,72.2550229277813,378.656941811373,365.161001745548,9.70839264483932,50.877435503317,49.0640821894414,620,"TWI","t","n",0,0,0,0,155,-33.272914303091,6.03842168569662,41.328138832232,-0.0447064443970023,0.055529675696701,0.00811339700749237,49.0494382096927,24.1776245603651,55.3621856801864
"101","amend_pixels_TWI_25","Clay Loam Soil",744.2532,210.261500587141,390.998502183187,193.77399525271,28.2513398111208,52.5356830421672,26.0360311857188,620,"TWI","t","n",0,0,0,0,155,-41.3139160256419,3.27471810471258,56.5046343004501,-0.0555105655247998,0.0759212513973069,0.00440000540771955,36.0020897271285,30.9452139726416,28.4241819745715
"102","amend_pixels_TWI_25","Measured Soil",744.2532,7.06503272811318,361.697412097485,393.150259020912,0.949278112356545,48.598704325018,52.8247992781102,620,"TWI","t","n",0,0,0,0,155,-7.72311119046578,8.25138577461138,1.39425095743189,-0.0103769942681681,0.00187335567711619,0.0110867991895922,71.6511333796349,25.422825794294,28.9214308828108
"103","amend_pixels_TWI_5","Measured Soil",744.2532,11.6093679536003,355.00922088347,393.761676707762,1.55986806017096,47.7000597220771,52.9069511166042,124,"TWI","t","n",0,0,0,0,31,-3.17877596497869,1.56319456059634,2.00566864428191,-0.00427109479002401,0.00269487406205564,0.00210035316018304,29.4910813833473,4.81626045396,41.604279889658
"104","amend_pixels_TWI_5","Clay Loam Soil",744.2532,240.172718602492,388.396747361912,152.164989041353,32.2702970712779,52.1861037832168,20.4453254673749,124,"TWI","t","n",0,0,0,0,31,-11.4026980102906,0.672963283437355,14.895628089093,-0.0153209929232291,0.0200141942138684,0.000904212818214762,9.93662659920779,6.35932380614123,7.49312067358246
"105","amend_pixels_TWI_5","Loam Soil",744.2532,94.7471366970049,373.763867281561,337.077969815676,12.7304977253715,50.2199879397981,45.2907652685505,124,"TWI","t","n",0,0,0,0,31,-10.7808005338673,1.14534715588553,13.24510690236,-0.01448539359168,0.017796506487792,0.00153892137230385,15.8925727040334,4.58592906684152,17.7428282134613
"106","amend_pixels_TWI_50","Loam Soil",744.2532,58.0901029331174,385.197248391247,378.427767813021,7.80515326411998,51.7562099015828,50.8466430259247,1240,"TWI","t","n",0,0,0,0,310,-47.4378342977549,12.5787282655713,54.5949048997054,-0.0637388382041957,0.0733552840615336,0.0169011409901514,69.9307280689029,50.3647782950009,73.1340279928686
"107","amend_pixels_TWI_50","Measured Soil",744.2532,5.54865625549373,370.043771500756,387.671811742054,0.745533409260952,49.7201451738139,52.088699348831,1240,"TWI","t","n",0,0,0,0,310,-9.23948766308523,16.5977451778824,-4.08419632142665,-0.012414441299124,-0.00548764361567629,0.0223012076775517,85.719310078622,51.1382688631186,-84.7198999522586
"108","amend_pixels_TWI_50","Clay Loam Soil",744.2532,183.141781967726,393.952583788687,239.345424496951,24.607456436563,52.9326019409372,32.1591394564311,1240,"TWI","t","n",0,0,0,0,310,-68.4336346450563,6.22879971021297,102.076063544691,-0.0919493992703777,0.13715233410443,0.00836919439541942,59.6349630307543,58.8604984190497,51.3485069209469
